aircraft_type,total,owned,leased,seats_in_standard_configuration,average_age_years
777-300ER,22,22,—,350,8.0
777-200ER,55,54,1,276-362,25.8
777-200,19,19,—,364,28.5
787-10,21,21,—,318,5.2
787-9,48,48,—,257,6.7
787-8,12,12,—,243,12.5
767-400ER,16,16,—,231,24.3
767-300ER,37,37,—,167-203,29.8
757-300,21,21,—,234,23.3
757-200,40,39,1,176,28.9
737 MAX 9,120,76,44,179,2.9
737 MAX 8,123,107,16,166,2.4
737-900ER,136,136,—,179,13.0
737-900,12,12,—,179,24.3
737-800,141,130,11,166,21.8
737-700,40,38,2,126,26.8
A321neo,59,51,8,200,0.9
A320-200,68,68,—,150,25.7
A319-100,76,51,25,126,23.9
